,domain,FAIReval
907,www.data.gv.at,632812
551,orkg.org,522604
14,doi.org,421239
245,arxiv.org,74196
784,sparql.proconsortium.org,39337
26,github.com,14556
744,linked.opendata.cz,13472
392,ns.inria.fr,11755
15,dx.doi.org,10699
640,www.scopus.com,9615
315,purl.org,8859
1100,iot.wzl-mq.rwth-aachen.de,7742
569,www.purl.org,6589
8,fair-checker.france-bioinformatique.fr,6038
3,,5741
644,openaccess.thecvf.com,5513
1,bio.tools,5111
741,ldf.fi,4765
24,data.inrae.fr,4551
548,mediatum.ub.tum.de,4379
517,aclanthology.org,4214
13,workflowhub.eu,3590
2,doi.pangaea.de,3213
71,www.ebi.ac.uk,2954
480,www.wikidata.org,2760
103,www.ncbi.nlm.nih.gov,2445
723,www.orkg.org,2312
4,zenodo.org,2192
430,ieeexplore.ieee.org,2140
226,raw.githubusercontent.com,1665
582,innoweb.mondragon.edu,1664
742,datos.bcn.cl,1607
748,caligraph.org,1600
155,www.sciencedirect.com,1492
378,drive.google.com,1351
39,search.datacite.org,1333
128,bioinfo.uochb.cas.cz,1332
439,entrepot.recherche.data.gouv.fr,1301
745,ruian.linked.opendata.cz,1281
333,edamontology.org,1197
299,taxref.mnhn.fr,1170
1161,www.bco-dmo.org,1143
524,zbw.eu,1114
747,webisa.webdatacommons.org,1036
753,www.openphacts.org,996
171,w3id.org,989
605,pubs.acs.org,983
759,vocabulary.curriculum.edu.au,970
599,dl.acm.org,886
566,www.mascem.gecad.isep.ipp.pt,885
710,fr.dbpedia.org,855
636,openreview.net,783
40,tess.elixir-europe.org,774
10,www.france-bioinformatique.fr,701
808,metabocloud.mesocentre.uca.fr,669
450,land.copernicus.vgt.vito.be,656
244,www.researchgate.net,652
564,osf.io,611
195,www.kaggle.com,598
44,figshare.com,592
132,www.atgc-montpellier.fr,570
242,dataverse.harvard.edu,556
262,bgee.org,547
562,wimmics.github.io,528
570,openenergy-platform.org,497
316,pubmed.ncbi.nlm.nih.gov,477
111,gitlab.com,451
754,data.nku.cz,432
285,www.nature.com,425
193,hdl.handle.net,422
139,training.galaxyproject.org,410
854,papers.nips.cc,409
419,link.springer.com,403
1006,nanocommons.github.io,391
424,www.mdpi.com,390
1337,trace.ncbi.nlm.nih.gov,385
93,loschmidt.chemi.muni.cz,377
749,id.nlm.nih.gov,375
785,proconsortium.org,373
161,bridgedb.github.io,362
1192,www.scidb.cn,357
751,eunis.eea.europa.eu,351
568,energy.linkeddata.es,349
645,www.ecva.net,346
393,dbpedia.org,343
399,resources.marine.copernicus.eu,342
23,dataverse.cirad.fr,336
77,www.uniprot.org,335
246,disprot.org,319
1015,scholia.toolforge.org,315
73,purl.obolibrary.org,314
407,bioschemas.org,313
984,www.alliancegenome.org,309
1017,pharos.nih.gov,308
420,onlinelibrary.wiley.com,308
283,prod-dekalog.inria.fr,303
739,maser.lesia.obspm.fr,288
571,brickschema.org,284
140,ifb-elixirfr.github.io,283
34,academic.oup.com,281
379,catalog.data.gov,279
518,www.genenames.org,271
993,www.guidetopharmacology.org,271
83,www.metanetx.org,268
812,ceur-ws.org,265
572,www.iec.ch,259
999,phenpath.biocomp.unibo.it,251
288,identifiers.org,251
134,pubchem.ncbi.nlm.nih.gov,246
82,egdi.geology.cz,245
1000,edgar.biocomp.unibo.it,244
997,159.149.160.88,241
920,zbmed-semtec.github.io,238
763,zbmed.github.io,237
297,www.sib.swiss,236
1013,ega-archive.org,235
897,cdsarc.cds.unistra.fr,224
954,bioinformatics.ca,218
1003,string-db.org,210
607,pubs.rsc.org,210
5,urgi.versailles.inrae.fr,201
108,webchem.ncbr.muni.cz,199
946,epiverse.github.io,195
263,virhostnet.prabi.fr,190
750,rdfdata.eionet.europa.eu,190
509,portal.gdc.cancer.gov,188
85,data.europa.eu,186
656,proceedings.mlr.press,185
425,massbank.eu,185
653,proceedings.neurips.cc,185
6,fairsharing.org,183
1209,metadata.hidrografico.pt,183
327,moodle.france-bioinformatique.fr,177
56,metadyn.vscht.cz,177
621,www.aaai.org,173
988,www.cathdb.info,172
1048,dataportal-waterverse.opsi.lecce.it,171
291,proteinensemble.org,169
25,ressources.france-bioinformatique.fr,168
189,www.omicsdi.org,168
340,simplifier.net,168
1024,hamap.expasy.org,167
1004,metabolicatlas.org,164
662,www.ijcai.org,163
387,dorel.univ-lorraine.fr,161
437,agroportal.lirmm.fr,160
986,bigcat-um.github.io,157
64,molmedb.upol.cz,156
29,proba2.oma.be,155
0,data.inra.fr,154
755,ec.europa.eu,151
1031,pairedomicsdata.bioinformatics.nl,150
982,ippidb.pasteur.fr,149
600,www.ensembl.org,148
995,swissmodel.expasy.org,148
992,aip.fipapatients.org,147
894,datasets.iisg.amsterdam,146
914,ppm.gumed.edu.pl,145
243,data.mendeley.com,143
1001,flymine.org,141
613,iopscience.iop.org,141
659,icml.cc,139
60,rboanalyzer.elixir-czech.cz,134
266,data.d4science.org,134
194,wiki.cost-dkg.eu,133
88,idsm.elixir-czech.cz,133
903,www.nationaalgeoregister.nl,133
295,www.southgreen.fr,132
9,www.imgt.org,132
150,fairdomhub.org,130
994,synbiohub.org,129
575,www.gbif.org,129
991,www.chd7.org,126
334,data.pndb.fr,126
1010,pathvisio.org,125
898,alasky.cds.unistra.fr,125
12,ppidm.loria.fr,125
233,openneuro.org,125
224,www.covid19dataportal.org,122
1086,bnbpick.io,122
1097,data.igvf.org,121
801,www.bgee.org,121
1018,mobidb.org,120
617,bmcbioinformatics.biomedcentral.com,119
606,chemistry-europe.onlinelibrary.wiley.com,116
612,aip.scitation.org,116
198,data.rivm.nl,115
989,biopragmatics.github.io,115
51,emergen-db.france-bioinformatique.fr,114
47,orcid.org,113
1030,bar.biocomp.unibo.it,113
36,www.aniseed.cnrs.fr,112
1012,pcddb.cryst.bbk.ac.uk,112
168,eurisco.ipk-gatersleben.de,111
70,rpredictordb.elixir-czech.cz,111
362,reactome.org,111
42,opendata.comune.palermo.it,111
987,bmrb.io,111
197,sextant.ifremer.fr,111
455,data.eumetsat.int,111
938,www.chemotion-repository.net,110
96,bioconductor.org,110
998,www.birmingham.ac.uk,110
884,www.govdata.de,109
990,bioregistry.io,109
764,www.fairsfair.eu,109
788,umcgresearchdatacatalogue.nl,109
300,covidontheweb.inria.fr,107
996,enanomapper.github.io,106
501,datacatalogue.cessda.eu,106
135,beta.bioassayexpress.com,105
356,banana-tools-genome-hub.southgreen.fr,105
260,www.maelstrom-research.org,103
384,sandbox.zenodo.org,103
169,hal.archives-ouvertes.fr,102
344,banana-genome-hub.southgreen.fr,101
474,www.crimeanalytics.it,100
1026,deb-central.org,99
915,repo.pw.edu.pl,98
1002,www.proteinatlas.org,98
1008,prosite.expasy.org,98
1185,data.uni-hannover.de,97
1197,thredds.met.no,97
813,www.lrec-conf.org,97
1028,mint.bio.uniroma2.it,96
985,cancer.sanger.ac.uk,96
1034,modelarchive.org,95
90,prankweb.cz,95
647,aaai.org,93
280,repositoriodatasharingfapesp.uspdigital.usp.br,92
1033,psnpbind.org,91
187,www.fao.org,91
76,amtdb.org,90
174,forgemia.inra.fr,90
1021,humanmine.org,90
219,openark.adaptcentre.ie,89
67,metadynreporter.cz,89
428,www.cell.com,89
271,norine.univ-lille.fr,89
983,gigadb.org,89
1032,mvid-central.org,86
221,rdmkit.elixir-europe.org,86
799,erddap.eofrom.space,85
1096,www.encodeproject.org,85
167,datadryad.org,83
121,www.rcsb.org,83
57,archive.materialscloud.org,83
677,ojs.aaai.org,82
1027,pippa.psb.ugent.be,82
800,borealisdata.ca,82
1011,h2020-riskgone.github.io,82
99,www.google.com,82
52,biii.eu,81
732,msbi.ipb-halle.de,80
17,catalogue.france-bioinformatique.fr,79
478,www.pcn.minambiente.it,79
976,elearning.vib.be,78
320,wasabi.inria.fr,76
1064,tronpick.io,76
1019,hpscreg.eu,74
1007,wikipathways.org,74
1180,www.europeana.eu,74
1357,instdb.casdc.cn,73
816,biocreative.bioinformatics.udel.edu,73
786,lod.proconsortium.org,73
778,linkeddata.uriburner.com,73
795,corkoakdb.org,73
919,omega-rd.ii.pw.edu.pl,73
1014,www.orpha.net,72
1023,cells.ebisc.org,71
652,www.semanticscholar.org,70
74,sparql-noipa.mef.gov.it,70
162,www.ccdc.cam.ac.uk,70
1016,search.data.enanomapper.net,70
397,skm.nib.si,69
1029,www.elixir-europe.org,69
138,demo.ds-wizard.org,68
41,bioportal.bioontology.org,68
284,www.biorxiv.org,68
239,urn.fi,68
208,data.gov.lv,68
72,www.begdb.org,67
136,cda-search-ui.prd.nibr.novartis.net,67
552,ontologies.di.unito.it,67
92,www.hcvivdb.org,67
553,www.researchequals.com,67
396,fhircat.org,67
66,ncbr.muni.cz,67
1022,enzyme.expasy.org,67
476,crimeanalytics.it,67
38,flybase.org,67
122,unicatdb.org,67
182,beta.flymine.org,67
184,libeccio.bo.ismar.cnr.it:8080,67
106,ccy.zcu.cz,67
257,biodev.cea.fr,67
21,ludii.games,66
1025,datamed.org,66
286,www.frontiersin.org,65
190,gtpb.github.io,65
1063,litepick.io,64
1020,www.opalesurfcasting.net,62
408,www.f-uji.net,61
159,purl.uniprot.org,61
1036,gitlab.desy.de,61
287,pmb-bordeaux.fr,61
887,www.filmportal.de,61
1233,archive.ics.uci.edu,61
960,data.aussda.at,61
804,ifcb-data.sams.ac.uk,61
974,ordo.open.ac.uk,61
777,rdf.muninn-project.org,61
504,datacatalogue.sodanet.gr,60
63,www.w3.org,60
254,groningendatacatalogus.nl,60
698,journals.plos.org,59
370,purl.archive.org,59
549,www.ukbiobank.ac.uk,58
442,ontology.inrae.fr,58
508,www.doi.org,58
232,vocab.getty.edu,58
554,ontologies.khaos.uma.es,57
527,sdi.eea.europa.eu,57
185,cdi.seadatanet.org,57
261,catalogue.bbmri.nl,57
86,ds-wizard.org,56
1009,itsonedb.cloud.ba.infn.it,56
567,iec.ch,56
377,dc04-187-16-158-160.sa.ngrok.io,53
343,rice-genome-hub.southgreen.fr,53
1159,www.biomedit.ch,52
1058,training.vib.be,52
1123,dadosabertos.capes.gov.br,51
1336,www.addgene.org,50
376,genomebiology.biomedcentral.com,50
1212,snig.dgterritorio.gov.pt,49
743,data.allie.dbcls.jp,49
1110,www.inrae.fr,49
802,rest.uniprot.org,49
37,wormbase.org,49
1037,www.brenda-enzymes.org,49
955,edatos.consorciomadrono.es,49
191,australianbiocommons.github.io,49
1216,tinyurl.com,49
966,ssjda.iss.u-tokyo.ac.jp,49
940,massive.ucsd.edu,49
1354,lod.nl.go.kr,49
615,citeseerx.ist.psu.edu,48
164,europepmc.org,48
251,proteomecentral.proteomexchange.org,48
559,dgarijo.github.io,48
282,dataverse.ird.fr,48
620,www.aclweb.org,47
488,cds.climate.copernicus.eu,47
608,www.worldscientific.com,47
326,argos.openaire.eu,47
705,www.sciepub.com,47
641,papers.ssrn.com,47
258,www.vliz.be,47
622,epubs.siam.org,47
627,front-sci.com,47
629,d1wqtxts1xzle7.cloudfront.net,47
634,www.academia.edu,47
537,catalogue.cdata.cerema.fr,46
1334,data.tpdc.ac.cn,46
137,halo-db.pa.op.dlr.de,46
264,www.crop-diversity.org,46
94,rpredictor.ms.mff.cuni.cz,46
58,www.plumed-nest.org,45
65,mole.upol.cz,45
454,bacdive.dsmz.de,45
43,dati.camera.it,45
62,dati.cittametropolitana.na.it,45
28,solarnet.oma.be,45
31,ssa.sidc.be,45
426,direct.mit.edu,45
201,cnecovid.isciii.es,45
84,info.igme.es,45
484,data.marine.copernicus.eu,45
250,vm-chemflow-francegrille.eu,45
806,jbiomedsem.biomedcentral.com,45
207,datelazi.ro,45
206,coronadashboard.government.nl,45
183,bac-dataverse.univ-lorraine.fr,45
181,beta.flymine.org:8080,45
177,graphdb:7200,45
166,www.elixir-czech.cz,45
157,pisa.nib.si,45
143,www.foodie-cloud.org,45
129,iresite.org,45
532,www.datajoule.fr,45
126,globalfungi.com,45
123,160.217.213.66:9510,45
91,www.iresite.org,45
89,catalogo.igme.es,45
144,urgi.versailles.inra.fr,44
913,erepository.kibu.ac.ke,43
1080,data.ru.nl,42
342,git.dcc.sib.swiss,41
294,dsw.france-bioinformatique.fr,40
1005,inpn.mnhn.fr,40
1213,carpentries-incubator.github.io,40
382,art-decor.org,40
1359,cds-beta.climate.copernicus.eu,39
746,weakg.i3s.unice.fr,38
1355,data.datahub.kr,38
335,indores-tmp.in2p3.fr,38
910,geosas.fr,38
256,mobyle.rpbs.univ-paris-diderot.fr,38
899,www.go-fair.org,37
945,www.icpsr.umich.edu,37
596,www.genome.gov,37
900,www.livivo.de,37
779,data.gov.cz,37
780,viaf.org,37
782,clara.univ-nantes.fr,37
1207,core.tdar.org,37
1044,www.bibliosurf.com,37
1038,www.cellosaurus.org,37
1229,host.robots.ox.ac.uk,37
1188,allantsouza.shinyapps.io,37
789,terra-vocabulary.org,37
885,gist.githubusercontent.com,37
1156,bugsigdb.org,37
879,dcase.community,37
797,biomedit.ch,37
1051,repository.acropolis-education.gr,37
1046,madata.bib.uni-mannheim.de,37
1228,www.cs.toronto.edu,37
1194,data.ascdc.tw,37
909,google.com,37
935,emmo.info,37
911,dome40.eu,37
1245,cran.r-project.org,37
1261,www.nyc.gov,37
631,journals.sagepub.com,36
522,doi.ipk-gatersleben.de,36
690,www.kdd.org,36
625,www.jmlr.org,36
151,www.covid19dataportal.it,36
700,www.dropbox.com,36
163,www.crystallography.net,36
53,elixir-europe.org,36
293,geneontology.org,36
666,www.cs.cmu.edu,36
726,gitlab.ifremer.fr,36
598,hal.inria.fr,35
588,gingembre.org,35
415,data.usgs.gov,35
78,nextstrain.org,35
469,italiaiswet.it,35
496,dataverse.nl,35
59,usegalaxy.eu,35
61,blast.ncbi.nlm.nih.gov,35
602,www.irrodl.org,35
199,wikidata.org,35
81,motu-tool.org,35
227,genomicus.bio.ens.psl.eu,34
561,www.immport.org,34
493,www.eea.europa.eu,34
427,www.jneurosci.org,34
402,rise-usbr.opendata.arcgis.com,34
436,opendata.inrae.fr,34
373,faircookbook.elixir-europe.org,34
516,hal.inrae.fr,34
468,nakala.fr,34
712,fdp.x-omics.nl,34
502,www.gotriple.eu,34
447,agrold.southgreen.fr,34
595,doranum.fr,34
97,registry.identifiers.org,34
500,gotriple.eu,34
54,fr.wikipedia.org,34
80,asap.epfl.ch,31
1205,snd.se,30
133,cera-www.dkrz.de,29
339,bio-bigdata.hrbmu.edu.cn,29
798,archive-ouverte.unige.ch,28
296,bioserv.rpbs.univ-paris-diderot.fr,27
372,www.cheminfo.org,27
409,tubic.tju.edu.cn,27
314,r3lab.uni.lu,27
1065,dogepick.io,27
317,www.annualreviews.org,27
380,erosdock.loria.fr,27
354,www.cogconsortium.uk,27
298,rsat.sb-roscoff.fr,27
349,www.allocine.fr,27
346,jaspar.genereg.net,27
318,seamless.rpbs.univ-paris-diderot.fr,27
331,gtexportal.org,27
279,lo144.nakalona.fr,27
1187,freebitco.in,27
353,www.gisaid.org,27
1199,cdm21053.contentdm.oclc.org,26
757,codebase.helmholtz.cloud,26
213,d35p9e4fm9h3wo.cloudfront.net,26
1085,vaccelerate.eu,26
972,dss.niagads.org,26
975,www.amazon.in,26
458,bloxflip.com,26
1108,websig.citrus.inrae.fr,26
1182,www.betestdata.eu,26
1193,purr.purdue.edu,26
956,www.debojit.in,25
529,3did.irbbarcelona.org,25
948,repod.icm.edu.pl,25
950,kartkatalog.geonorge.no,25
939,www.norman-network.com,25
964,data.donders.ru.nl,25
928,opendata.pku.edu.cn,25
965,elixir-europe-training.github.io,25
1035,www.swissadme.ch,25
821,transacl.org,25
968,vizier.cds.unistra.fr,25
925,www.casdc.cn,25
978,jdcat.jsps.go.jp,25
942,metadata.bgs.ac.uk,25
923,csh.nfdi4health.de,25
1041,www.rhea-db.org,25
1174,www.biodiversity.aq,25
1220,xzbai.buaa.edu.cn,25
1219,www.uco.es,25
1218,www.CLUEbenchmarks.com,25
1217,physionet.org,25
1215,pems.dot.ca.gov,25
781,portal-gdi-nl.molgeniscloud.org,25
1206,repository.dri.ie,25
1203,radarro.com,25
383,fair-enough.semanticscience.org,25
1202,public.opendatasoft.com,25
1200,data.met.no,25
1196,univ-cotedazur.fr,25
1050,shanoir.irisa.fr,25
1183,3d.humanities.science,25
471,restore.ovi.cnr.it,25
790,tsukuba.repo.nii.ac.jp,25
1179,ekultura.hr,25
1221,wiki.cancerimagingarchive.net,25
1222,db.humanconnectome.org,25
1223,supwma.github.io,25
1309,mlg.ucd.ie,25
762,bdj.pensoft.net,25
1342,data.4dnucleome.org,25
1338,oar.ptb.de,25
414,www.bioconductor.org,25
769,parleflandre.univ-lille.fr,25
773,bio2byte.be,25
1331,biosig.lab.uq.edu.au,25
1271,support.10xgenomics.com,25
1224,pi.pauwel.be,25
776,opendatacommunities.org,25
1232,lmb.informatik.uni-freiburg.de,25
1231,www.eecs.qmul.ac.uk,25
1230,lms.comp.nus.edu.sg,25
1227,qwsdata.github.io,25
1226,check-payment-practices.service.gov.uk,25
1225,richardtml.github.io,25
1178,birdieapp.sanbi.org.za,25
783,linkeddatacatalog.dws.informatik.uni-mannheim.de,25
1171,sites.google.com,25
796,arcadados.fiocruz.br,25
1083,repository.nwu.ac.za,25
1162,lod.bco-dmo.org,25
1114,www.chemspider.com,25
1107,idr.openmicroscopy.org,25
1163,legacy.igws.indiana.edu,25
1077,elib.bsu.by,25
1148,epd.expasy.org,25
1071,eprints.kname.edu.ua,25
1141,swissorthology.ch,25
805,ifcb-data.whoi.edu,25
1167,www.amazon.com,25
792,gnps.ucsd.edu,25
1054,genomique.biologie.ens.fr,25
1102,echa.europa.eu,25
649,www.ndss-symposium.org,24
701,scholar.google.com,24
651,research.fb.com,24
699,pengxi.me,24
650,www.robots.ox.ac.uk,24
702,ylongqi.com,24
696,aran.library.nuigalway.ie,24
648,ir.soken.ac.jp,24
643,www.dl.begellhouse.com,24
646,www.cmlab.csie.ntu.edu.tw,24
703,www.biomedcentral.com,24
704,www.ajgreenchem.com,24
694,ncblair.github.io,24
642,www.jstor.org,24
639,www.hbs.edu,24
707,hal.laas.fr,24
716,dans.knaw.nl,24
638,www.ijimai.org,24
637,injoit.org,24
635,vjs.ac.vn,24
633,grani.org.ua,24
695,shaohua0116.github.io,24
692,www.semantic-web-journal.net,24
215,www.list.lu,24
693,wangywust.github.io,24
676,www.cv-foundation.org,24
675,journal.iberamia.org,24
674,archives.ismir.net,24
673,ieeexploreieee.53yu.com,24
672,rdcu.be,24
681,csimq-journals.rtu.lv,24
671,blog.vietai.org,24
682,indjst.org,24
669,www.dabi.temple.edu,24
668,www.microsoft.com,24
667,cvssp.org,24
665,www.stat.ucla.edu,24
664,www.npu-aslp.org,24
663,videoprocessing.ai,24
661,www.isca-speech.org,24
660,huggingface.co,24
658,www.scitepress.org,24
657,iab-rubric.org,24
735,snd.gu.se,24
683,cic.unb.br,24
655,talhassner.github.io,24
684,cds.nyu.edu,24
685,openai.com,24
686,www.bmvc2020-conference.com,24
687,ietresearch.onlinelibrary.wiley.com,24
688,publikationen.bibliothek.kit.edu,24
689,www.bmvc2021-virtualconference.com,24
691,hal-normandie-univ.archives-ouvertes.fr,24
678,ai.google,24
680,madoc.bib.uni-mannheim.de,24
267,blue-cloud.d4science.org,24
520,dev.nmrxiv.org,24
610,dspace.library.uu.nl,24
497,data.ccca.ac.at,24
470,open-reaction-database.org,24
178,sfbi.fr,24
628,watermark.silverchair.com,24
581,www.datagrandest.fr,24
438,data.agroportal.lirmm.fr,24
584,sciendo.com,24
541,old.datahub.io,24
87,bitbucket.org,24
597,archive.softwareheritage.org,24
603,apsjournals.apsnet.org,24
604,www.pafmj.org,24
609,www.thieme-connect.com,24
152,www.flymine.org,24
611,science.sciencemag.org,24
410,portal.aurin.org.au,24
626,journalofcloudcomputing.springeropen.com,24
624,svn.aksw.org,24
623,catalog.ldc.upenn.edu,24
618,kth.diva-portal.org,24
619,www.modernlanguagesopen.org,24
616,asmedigitalcollection.asme.org,24
536,odre.opendatasoft.com,24
614,pdf.sciencedirectassets.com,24
55,mailchi.mp,23
68,app.unicatdb.org,23
238,services.fsd.tuni.fi,23
237,catalogue.lifecycle-project.eu,23
100,www.heart.org,23
236,moodle.utbm.fr,23
235,form.crnl.fr,23
234,doaj.org,23
75,virus.img.cas.cz,23
69,cppredictor.elixir-czech.cz,23
231,kissplice.prabi.fr,23
98,www.asco.org,23
230,dataportal.europdx.eu,23
95,cbg-ethz.github.io,23
229,genomevolution.org,23
228,www.genomicus.bio.ens.psl.eu,23
50,fc.cab.unipd.it,23
225,covid-19.uniprot.org,23
210,data.gesis.org,23
249,old.protein.bio.unipd.it,23
240,www.fsd.tuni.fi,23
49,phaidra.cab.unipd.it,23
265,www.genesys-pgr.org,23
7,midas.lt,23
11,geysse.com,23
16,demo2.france-bioinformatique.fr,23
18,stressbehandlung.info,23
19,www.phylogeny.fr,23
20,www.maastrichtuniversity.nl,23
253,rsat-tagc.univ-mrs.fr,23
252,rsat.eu,23
22,www.nmrprocflow.org,23
27,dataverse.scholarsportal.info,23
30,swe.ssa.esa.int,23
32,sdo.oma.be,23
33,demo3.france-bioinformatique.fr,23
35,ng6.toulouse.inra.fr,23
102,www.aad.org,23
248,pfam.xfam.org,23
247,mobidb.bio.unipd.it,23
241,dati.regione.sicilia.it,23
46,ror.org,23
48,publons.com,23
101,www.covid-hep.net,23
115,www.fi.muni.cz,23
104,davidhoksza.github.io,23
158,protein.gomapman.org,23
222,covid19estamoson.gov.pt,23
165,atome.cbs.cnrs.fr,23
172,alpha.flymine.org,23
173,competency.ebi.ac.uk,23
175,192.169.230.2:7200,23
176,localhost:7200,23
268,geonetwork-sdi-lab.d4science.org,23
218,server.nanopubs.lod.labs.vu.nl,23
186,portal.eufgis.org,23
188,eurisco.ecpgr.org,23
217,schema.org,23
192,scenic.aertslab.org,23
196,gtpb.igc.gulbenkian.pt,23
200,covid19.min-saude.pt,23
216,www.greenphyl.org,23
204,eody.gov.gr,23
205,atlo.team,23
209,opendata.swiss,23
214,www.ecdc.europa.eu,23
212,epistat.wiv-isp.be,23
211,opendatadpc.maps.arcgis.com,23
160,data.enanomapper.net,23
156,ejprd.fair-dtls.surf-hosted.nl,23
105,setter.projekty.ms.mff.cuni.cz,23
154,www.cebitec.uni-bielefeld.de,23
109,molstar.org,23
110,acc2.ncbr.muni.cz,23
112,78.128.250.85:5000,23
113,crocodile.ncbr.muni.cz,23
114,1w8c0gr.257.cz,23
116,webchemdev.ncbr.muni.cz,23
117,spci.imtm.cz,23
118,decryptor.imtm.cz,23
120,dati.inail.it,23
124,dnatco.datmos.org,23
125,p2rank.cz,23
127,www.seznam.cz,23
130,proteom.biomed.cas.cz,23
131,herv.img.cas.cz,23
141,repeatsdb.bio.unipd.it,23
142,researchdata.cab.unipd.it,23
146,nib-si.github.io,23
223,www.ine.pt,23
147,nanos-sci.com,23
149,www.nib.si,23
153,ensemble.org,23
179,services.cbib.u-bordeaux.fr,23
404,data-nifc.opendata.arcgis.com,23
492,ckan.ymparisto.fi,23
485,great-frogs-admire-188-25-207-217.loca.lt,23
711,search.kg.ebrains.eu,23
491,environment.data.gov.uk,23
733,www.ggoindigocorporateservices.com,23
451,sib-swiss.github.io,23
534,data.nantesmetropole.fr,23
594,hal.science,23
728,by-covid.org,23
542,www.insee.fr,23
479,sinacloud.isprambiente.it,23
708,slovnikcestiny.cz,23
494,kese.envir.ee,23
583,genomicus.eu,23
580,orphanet.fdps.ejprd.semlab-leiden.nl,23
720,spec.industrialontologies.org,23
718,data.industryportal.enit.fr,23
557,saqi-app.sudhirattri1.repl.co,23
563,www.cos.io,23
457,catalogue.data.wa.gov.au,23
713,www.nanotomy.org,23
421,febs.onlinelibrary.wiley.com,23
521,localhost,23
423,journals.biologists.com,23
269,dati.comune.galatone.le.it,23
277,bina.bulac.fr,23
429,elifesciences.org,23
274,paris-art-market.huma-num.fr,23
386,dataverse.unimi.it,23
275,analytics.huma-num.fr,23
273,bioinfo.lifl.fr,23
448,dataterra.brgm-rec.fr,23
466,biosphere.france-bioinformatique.fr,23
398,cdc.dwd.de,23
276,paris-timemachine.huma-num.fr,23
270,www.google.it,23
272,bioinfo.cristal.univ-lille.fr,23
477,taxref.i3s.unice.fr,23
510,oai.unidata.unimib.it,23
180,demo.france-bioinformatique.fr,22
259,catalogue-acc.molgeniscloud.org,22
148,projects.nib.si,22
119,geoportal.gov.cz,22
79,web.expasy.org,22
170,www.oth-aw.de,22
255,gaia-x.gitlab.io,21
202,taltech.ee,21
107,www.geonames.org,20
203,data.geohive.ie,19
1125,metabohub.peakforest.org,19
924,www.baidu.com,17
758,inter3mdb.loria.fr,16
332,www.medrxiv.org,16
350,lbdv.imev-mer.fr,16
145,www.gomapman.org,16
771,pcs-db.fr,16
1169,iucat.iu.edu,16
1166,igsmap.maps.arcgis.com,16
358,oa.upm.es,16
1069,preprints.aijr.org,15
363,knifex.best,15
756,pndb.fr,15
1358,fairgenomes-acc.gcc.rug.nl,15
290,www.geysse.com,15
1052,addi.ehu.es,15
305,matrixdb.univ-lyon1.fr,15
304,data2.cerdi.edu.au,14
322,linkinghub.elsevier.com,14
321,hub.ibisba.eu,14
927,cstr.cn,14
319,www.i-med.ac.at,14
302,www.repo.uni-hannover.de,14
303,www.lemonde.fr,14
1195,bioinfo.bioger.inrae.fr,14
312,oa.tib.eu,14
311,crispr-browser.pasteur.cloud,14
381,usegalaxy.org,14
306,ripollj.gitlab.io,14
307,gitexplorer.com,14
323,gitlab.inria.fr,14
313,pypi.org,14
308,agorajs.github.io,14
918,www.cazy.org,14
912,erepository.uonbi.ac.ke,14
310,mage.genoscope.cns.fr,14
375,prostatenet.eu,14
341,fhir.simplifier.net,14
324,scilifelab.figshare.com,14
325,dmp.opidor.fr,14
367,www.icgc-argo.org,14
366,platform.icgc-argo.org,14
368,dockstore.org,14
369,eurreca.net,14
1095,www.bayut.sa,14
365,uniprot.org,14
364,ena-docs.readthedocs.io,14
361,adsexchange.in,14
360,digital.csic.es,14
359,e-archivo.uc3m.es,14
371,hal-lirmm.ccsd.cnrs.fr,14
357,pipprofiler.france-bioinformatique.fr,14
355,research-sharing.cesgo.org,14
1127,triplestore.netwerkdigitaalerfgoed.nl,14
348,toolkit.tuebingen.mpg.de,14
347,southgreen.fr,14
345,ngphylogeny.fr,14
338,sabiork.h-its.org,14
337,bl.iro.bl.uk,14
579,fair.healthdataportal.eu,14
336,data.naturefrance.fr,14
374,www.zenodo.org,14
601,www.aniseed.fr,14
947,docs.google.com,14
330,www.omim.org,14
329,www.phenomin.fr,14
328,edamontology.github.io,14
301,www.genouest.org,14
309,bacdive.com,14
289,openebench.bsc.es,14
281,beta.ukdataservice.ac.uk,14
278,u-paris.fr,14
1252,imageclef.org,13
1316,chalearnlap.cvc.uab.es,13
1317,irvlab.cs.umn.edu,13
1131,data.ingv.it,13
1130,data.opendatasoft.com,13
1318,mldta.com,13
1129,app.datajoule.fr,13
1319,vx-underground.org,13
1320,www.cvlibs.net,13
1128,schemas.org,13
1321,mri.one,13
1126,sky.esa.int,13
1322,zhenghuaxu.info,13
1323,www.wujunpla.net,13
1324,gitee.com,13
1325,www.mdai.cat,13
1124,1k14u14.github.io,13
1326,steel-st.sourceforge.io,13
1327,lab.malab.cn,13
1122,practical-case-bioinfo-teaching-fair-gaa-92d332f8346e321adf6fde.gitlab-pages.ifremer.fr,13
1120,bdi.si.ehu.eus,13
1132,radar4chem.radar-service.eu,13
1315,tensorflow.google.cn,13
1328,cran.rproject.org,13
1306,depmap.org,13
1145,crema.unibas.ch,13
1144,swissregulon.unibas.ch,13
1143,ismara.unibas.ch,13
1303,research.libd.org,13
1142,www.swissparam.ch,13
1304,fcon_1000.projects.nitrc.org,13
1140,busco.ezlab.org,13
1139,www.orthodb.org,13
1138,omabrowser.org,13
1305,sourceforge.net,13
1307,cs.stanford.edu,13
1314,rdrr.io,13
1137,www.swisslipids.org,13
1136,unilectin.unige.ch,13
1135,glyconnect.expasy.org,13
1308,yann.lecun.com,13
1134,clades.nextstrain.org,13
1133,www.cameo3d.org,13
1310,vision.stanford.edu,13
1311,www.cityscapes-dataset.com,13
1312,icvl.ee.ic.ac.uk,13
1313,www.10xgenomics.com,13
1119,saref.etsi.org,13
1117,ovantica.com,13
1118,dataverse.rsu.lv,13
1081,bnarchives.yorku.ca,13
1344,www.sasbdb.org,13
1088,www.daggegevens.knmi.nl,13
1087,Www.bbc.co.uk,13
1345,www.pgscatalog.org,13
1346,csg.sph.umich.edu,13
1084,bluetigercommons.lincolnu.edu,13
1347,ddbj.nig.ac.jp,13
1349,open.bydata.de,13
1082,www.bivipas.unal.edu.co,13
1079,gitlab.kit.edu,13
499,artemoda.unibg.it,13
1078,validator.schema.org,13
1076,bindani.izt.uam.mx,13
1075,www.niagads.org,13
1350,nfdi4ing.pages.rwth-aachen.de,13
1351,carpentries.org,13
1356,cambiotraining.github.io,13
1074,www.ifc677.top,13
1073,adsp.niagads.org,13
1072,chat.openai.com,13
1343,www.deciphergenomics.org,13
1098,bioinformatics.hyphendevs.com,13
1147,www.nextprot.org,13
1109,kartkatalog.test.geonorge.no,13
1116,besjournals.onlinelibrary.wiley.com,13
1329,simtk.org,13
1115,epjdatascience.springeropen.com,13
1330,xsliulab.github.io,13
1332,ai.baidu.com,13
1113,gemo.southgreen.fr,13
1333,vsso.nssdc.ac.cn,13
1112,www.cirad.fr,13
1111,florilege.arcad-project.org,13
1335,data.humdata.org,13
1099,pds.nasa.gov,13
416,faculty.arts.ubc.ca,13
1339,itbgit.biologie.hu-berlin.de,13
1106,peerj.com,13
1340,www.wwpdb.org,13
1105,f1000research.com,13
1104,ctdbase.org,13
1103,online.srjbtkshetra.org,13
1341,www.metabolomicsworkbench.org,13
1101,databank.worldbank.org,13
1146,www.expasy.org,13
1149,voparis-ns.obspm.fr,13
1251,web.stanford.edu,13
1211,linkr.it,13
1260,data.transportation.gov,13
1262,datasets.simula.no,13
1210,opendata.picturae.com,13
1208,forum-webapp.semantic-metabolomics.fr,13
1263,tianchi.aliyun.com,13
1264,download.geofabrik.de,13
1204,china.scidb.cn,13
1265,www.csbio.sjtu.edu.cn,13
1201,service.tib.eu,13
1266,networkrepository.com,13
456,layers.saudia.xyz,13
1267,adni.loni.usc.edu,13
1268,zhanglab-bioinf.com,13
1070,www.arca.fiocruz.br,13
1269,www.rnamd.org,13
1270,www.nii.ac.in,13
1272,hemberg-lab.github.io,13
1273,www.cancer.gov,13
1274,jundongl.github.io,13
1198,opendata.leipzig.de,13
1275,www.science.org,13
1259,www1.nyc.gov,13
1258,www.ehu.eus,13
1277,dozmorovlab.github.io,13
1214,www.nbsdc.cn,13
1250,paperswithcode.com,13
1249,www.cnurpc.org,13
1248,emdb.jaea.go.jp,13
1247,outreach.didichuxing.com,13
1246,coast.noaa.gov,13
1253,lyy.mpi-inf.mpg.de,13
1244,gitlab.citius.usc.es,13
1243,www.thespermwhale.com,13
1242,tiny.cc,13
1241,trompa-mtg.upf.edu,13
1240,www.unb.ca,13
1239,w-1995.github.io,13
1254,daniilidis-group.github.io,13
1238,www1.cs.columbia.edu,13
1237,www.geolink.pt,13
1236,www.tensorflow.org,13
1235,xview2.org,13
1234,data.ess.tsinghua.edu.cn,13
1255,www.cs.utexas.edu,13
1256,vision.middlebury.edu,13
1257,jonathantompson.github.io,13
1276,bliulab.net,13
1191,api.figshare.com,13
1150,www.beast2.org,13
1291,dati.istat.it,13
1293,opendata.cityofnewyork.us,13
1294,www.pitt.edu,13
1295,buildingparser.stanford.edu,13
1168,demo.dspace.org,13
1296,dm.dongguk.edu,13
1297,www.vision.caltech.edu,13
1298,ms-multimedia-challenge.com,13
1299,groups.csail.mit.edu,13
1300,www.crawdad.org,13
1165,www.pokemon.com,13
1164,igws.indiana.edu,13
1301,openxcplatform.com,13
1160,www.openarchieven.nl,13
1158,eol.org,13
1157,www.cbioportal.org,13
1302,people.ee.ethz.ch,13
1155,chemview.epa.gov,13
1154,spsp.ch,13
1153,sibils.text-analytics.ch,13
1152,progenetix.org,13
1151,genspectrum.org,13
1292,www.neuroconnlab.org,13
1290,parl.ai,13
1190,hcommons.org,13
1170,www.data-archive.ac.uk,13
1189,hastac.hcommons.org,13
1278,gitlab.rlp.net,13
1279,www.cdc.gov,13
1186,dados.ufcspa.edu.br,13
1280,www.ahadata.com,13
1281,www.ibm.com,13
1184,google.fr,13
1282,phenomics.va.ornl.gov,13
1181,glagolab.eindigo.net,13
1177,biodiversityadvisor.sanbi.org,13
1176,www.obis.org,13
1175,ipt.biodiversity.aq,13
1283,knhanes.kdca.go.kr,13
1284,ftp.cdc.gov,13
1173,critterbase.awi.de,13
1285,press.liacs.nl,13
1286,www.tugraz.at,13
1287,ufldl.stanford.edu,13
1172,adknowledgeportal.synapse.org,13
1288,www.cl.cam.ac.uk,13
1289,cocodataset.org,13
752,data.nationallibrary.fi,13
1056,lib.i-bteu.by,13
882,medical-data-models.org,13
848,www.ijiet.org,13
837,www.abstr-int-cartogr-assoc.net,13
926,data.niglas.ac.cn,13
838,www.australianpopulationstudies.org,13
839,usir.salford.ac.uk,13
840,lib.physcon.ru,13
922,nmdc.cn,13
921,fairuse.stanford.edu,13
841,ejournals.bc.edu,13
842,journal.qubahan.com,13
843,minerva-access.unimelb.edu.au,13
844,www.researchsquare.com,13
845,www.mifav.uniroma2.it,13
846,biss.pensoft.net,13
917,agh.rodbuk.pl,13
916,mostwiedzy.pl,13
908,phaidra.univie.ac.at,13
906,bolin.su.se,13
905,www.tethys.at,13
847,brage.nina.no,13
929,dvn.fudan.edu.cn,13
930,matthey.com,13
836,ojs.aut.ac.nz,13
943,docs.api.naturalproducts.net,13
959,www.dataverse.net.ua,13
958,ftp.ncbi.nlm.nih.gov,13
957,www.iitgn.ac.in,13
953,service.geonet.org.nz,13
952,tilde.geonet.org.nz,13
951,fits.geonet.org.nz,13
949,data.norge.no,13
944,orbi.uliege.be,13
941,albangaignard.github.io,13
931,technology.matthey.com,13
937,datos.gob.cl,13
936,nf-co.re,13
934,imgpedia.dcc.uchile.cl,13
933,bibkg.imfd.cl,13
932,fuseki.matolab.org,13
833,dspace.nbuv.gov.ua,13
834,www.scielo.br,13
835,systematicreviewsjournal.biomedcentral.com,13
904,data.hub.geosphere.at,13
902,geoportal.de,13
871,www.iti.gr,13
849,journals.library.ualberta.ca,13
867,campar.in.tum.de,13
891,starrail.mobilemeta.gg,13
890,invenio.bundesarchiv.de,13
889,www.bundesarchiv.de,13
888,ecampus.fh-potsdam.de,13
868,ecai2020.eu,13
886,fairsharing.github.io,13
869,joss.theoj.org,13
883,dataspace.copernicus.eu,13
405,www.ontotext.com,13
881,www.bihealth.org,13
880,www.ismll.uni-hildesheim.de,13
870,www.ipb.uni-bonn.de,13
878,www.apsipa.org,13
877,proceedings.aaai-make.info,13
876,trec.nist.gov,13
875,linnanwang.github.io,13
874,bmvc2018.org,13
873,d4mucfpksywv.cloudfront.net,13
866,core.ac.uk,13
865,www.danielpovey.com,13
892,prefets.ihtp.cnrs.fr,13
855,2021.ecmlpkdd.org,13
901,pangaea.de,13
850,intercarto.msu.ru,13
851,www.cse.iitb.ac.in,13
896,oai.openedition.org,13
895,dataportal.senckenberg.de,13
852,dspace.spbu.ru,13
853,hildok.bsz-bw.de,13
1068,m.rwe-finance.ru,13
893,www.climate.gov,13
864,www.cs.jhu.edu,13
856,mmlab.ie.cuhk.edu.hk,13
857,reports-archive.adm.cs.cmu.edu,13
858,www.adrianbulat.com,13
859,www.ionelgog.org,13
860,hal-mines-paristech.archives-ouvertes.fr,13
861,bmvc2019.org,13
862,breckon.org,13
863,www.guangrui.li,13
832,journal.uin-alauddin.ac.id,13
831,septentrio.uit.no,13
830,www.granthaalayahpublication.org,13
803,yareta.unige.ch,13
1049,www.openarchives.org,13
1047,dummyjson.com,13
738,happyminer.us,13
737,shanoir-qualif.irisa.fr,13
1045,de.wikipedia.org,13
1043,example.com,13
1042,www.arb-silva.de,13
1040,www.orphadata.com,13
1039,ensemblgenomes.org,13
736,neurovault.org,13
787,omeka-s.grinnell.edu,13
791,esajournals.onlinelibrary.wiley.com,13
829,www.preprints.org,13
793,lotus.naturalproducts.net,13
539,varaft.eu,13
740,dais.sanu.ac.rs,13
775,annforsci.biomedcentral.com,13
774,ipt.pensoft.net,13
1057,amser.org,13
1067,solpick.io,13
1066,www.facebook.com,13
760,orval.ibsquare.be,13
1061,unit.eu,13
1060,difarepositories.uin-suka.ac.id,13
1059,pf-mh.uvt.rnu.tn,13
1055,www.outils.genomique.biologie.ens.fr,13
772,logilab.fr,13
765,ceba.uca.fr,13
766,data.indores.fr,13
1053,riunet.upv.es,13
767,www.indores.fr,13
768,www.envidat.ch,13
770,hdtcol.univ-nantes.fr,13
794,www.dbgi.org,13
872,intlab.skuniv.ac.kr,13
981,data.cdc.gov,13
977,edu.sib.swiss,13
979,data.lib.keio.ac.jp,13
980,genomicepidemiology.org,13
820,thetalkingmachines.com,13
822,infolab.stanford.edu,13
818,pub.uni-bielefeld.de,13
817,www.ldc.upenn.edu,13
973,data.gers.fr,13
823,psb.stanford.edu,13
815,repository.tudelft.nl,13
814,aifb.kit.edu,13
971,datapresentation.casd.eu,13
811,www.heppnetz.de,13
824,www.um.es,13
970,www.casd.eu,13
969,data.ined.fr,13
825,files.ifi.uzh.ch,13
967,simbad.cds.unistra.fr,13
810,www.worldscientificnews.com,13
826,biblio.ugent.be,13
809,www.udgvirtual.udg.mx,13
807,data-catalogue.lifelines.nl,13
827,pdfs.semanticscholar.org,13
828,repositori.upf.edu,13
963,cdsarc.unistra.fr,13
962,www.sodha.be,13
961,data.bris.ac.uk,13
819,drops.dagstuhl.de,13
411,dar√†.euroma.eu,12
403,revenuedata.doi.gov,12
406,sandbox.dissco.tech,12
719,researchmap.jp,12
412,hugeamp.org,12
401,catalogue-wqems.opsi.lecce.it,12
722,www.bfs.admin.ch,12
724,www.royandersson.com,12
725,i.ntnu.no,12
717,ontologies.berkeleybop.org,12
715,ardc.edu.au,12
714,turbulence.pha.jhu.edu,12
729,data-staging.niaid.nih.gov,12
730,dataverse.no,12
731,test.radar-service.eu,12
422,nanoconvergencejournal.springeropen.com,12
418,semiceu.github.io,12
734,collections.biodiversitydata.se,12
417,triplydb.com,12
706,www.nzma.org.nz,12
292,viralzone.expasy.org,12
709,zks-docker.ukl.uni-freiburg.de,12
413,www.sbg.bio.ic.ac.uk,12
721,dati.trentino.it,12
727,hds-sandbox.github.io,12
507,comptes-rendus.academie-sciences.fr,12
697,www.aiide.org,12
590,edata.bham.ac.uk,12
540,datascientest.com,12
543,figure.nz,12
544,www.data.gov.uk,12
545,www.imt-atlantique.fr,12
546,www.iea.org,12
547,www.eeca.govt.nz,12
550,biobank.ndph.ox.ac.uk,12
555,www.ontologydesignpatterns.org,12
556,kracr.iiitd.edu.in,12
558,kgccc.di.unito.it,12
560,www.pangaea.de,12
565,graph.openaire.eu,12
573,data.crossref.org,12
574,www.hepdata.net,12
576,meta.icos-cp.eu,12
679,proceedings.icml.cc,12
578,fdp.castoredc.com,12
487,www.netzwerk-universitaetsmedizin.de,12
486,emergency.copernicus.eu,12
538,datacarto.cdata.cerema.fr,12
535,data.indores.fr:443,12
489,ads.atmosphere.copernicus.eu,12
515,data.isimip.org,12
506,afst.centre-mersenne.org,12
505,isgi.unistra.fr,12
511,git.lbgi.fr,12
512,data.emso.eu,12
503,chemrxiv.org,12
513,waterinfo.rws.nl,12
514,gmd.copernicus.org,12
498,anaconda.org,12
495,remap2022.univ-amu.fr,12
533,rza.zaclys.cloud,12
519,nmrxiv.org,12
523,emmsm.unicaen.fr,12
525,www.econbiz.de,12
526,www.econstor.eu,12
528,hbo-kennisbank.nl,12
490,www.havochvatten.se,12
530,sbnb.irbbarcelona.org,12
531,dbrip.brocku.ca,12
589,gnomad.broadinstitute.org,12
577,fair.healthinformationportal.eu,12
591,tango.mnhn.fr,12
632,elbib.ru,12
453,clairerambeau.wixsite.com,12
452,cherry.chem.bg.ac.rs,12
385,board.unimib.it,12
449,doi.test.datacite.org,12
592,rmes.univ-nantes.fr,12
446,46cf-147-99-27-197.ngrok.io,12
441,terminologies.gfbio.org,12
440,147.100.202.17,12
388,gdpr-info.eu,12
435,content.iospress.com,12
434,bmcneurol.biomedcentral.com,12
433,www.cochranelibrary.com,12
432,www.tandfonline.com,12
431,royalsocietypublishing.org,12
390,imi-biomap.pages.uni.lu,12
391,oscar-corpus.com,12
394,query-covid19.linkeddatafragments.org,12
395,gillesvandewiele.github.io,12
670,translate.vietai.org.pdf,12
460,easy.dans.knaw.nl,12
654,flame.is.tue.mpg.de.pdf,12
461,www.fnac.com,12
465,dcc.icgc.org,12
483,147.213.76.182,12
593,hal.univ-lorraine.fr,12
482,it.wikipedia.org,12
473,www.trenitalia.com,12
472,dati.igsg.cnr.it,12
467,the-seed-ship.com,12
475,eventkg.l3s.uni-hannover.de,12
445,geo.ecla.inrae.fr,12
462,imagerie.cochin.inserm.fr,12
464,maps.ecopotential-project.eu,12
630,jurnal.untidar.ac.id,12
463,bit.ly,12
459,risi.unilib.rs,10
444,niio972@github.com,9
443,www.irit.fr,9
389,howto.lcsb.uni.lu,9
400,rsg.pml.ac.uk,9
1348,example.net,9
1089,doi-org.insb.bib.cnrs.fr,7
351,b'',7
1062,galaxyproject.org,5
587,chronicdata.cdc.gov,5
220,knowledge-space.org,4
45,v2.sherpa.ac.uk,4
1092,bio-bwa.sourceforge.net,3
1091,www.bioinformatics.babraham.ac.uk,3
1353,bestbuy.com,3
1352,www.bestbuy.com,3
1090,homer.ucsd.edu,3
1094,galaxyproject.github.io,3
1093,ssl.eventilla.com,3
352,www.bexis.uni-jena.de,2
1121,ualdt.org.ua,2
586,openehr.atlassian.net,2
761,www.geodata.cn,2
481,www.archiviodistato.prato.it,2
585,owlready2.readthedocs.io,2
